<?xml version="1.0" encoding="UTF-8" ?>
<!DOCTYPE mapper
PUBLIC "-//mybatis.org//DTD Mapper 3.0//EN"
"http://mybatis.org/dtd/mybatis-3-mapper.dtd">
<mapper namespace="com.cascv.oas.server.user.mapper.UserOnlineMapper">

	<resultMap type="com.cascv.oas.server.user.model.UserOnline" id="UserOnlineResult">
		<id     property="sessionId" column="session_id"         />
		<result property="loginName" column="login_name"        />
		<result property="status" column="status"            />
		<result property="startTime" column="start_time"  />
		<result property="lastAccessTime" column="last_access_time"  />
		<result property="expireTime" column="expire_time"       />
	</resultMap>
	
	<sql id="selectOnlineVo">
       select session_id,login_name,status,start_time,last_access_time,expire_time
		from user_online
    </sql>
    
	<select id="selectOnlineById" parameterType="String" resultMap="UserOnlineResult">
		<include refid="selectOnlineVo"/>
		where session_id = #{sessionId}
	</select>

	<insert id="saveOnline" parameterType="com.cascv.oas.server.user.model.UserOnline">
		replace into user_online(session_id, login_name, status, start_time, last_access_time, expire_time)
        values (#{sessionId}, #{loginName}, #{status}, #{startTime}, #{lastAccessTime}, #{expireTime})
	</insert>
	
 	<delete id="deleteOnlineById" parameterType="String">
 		delete from user_online where session_id = #{sessionId}
 	</delete>
 	
 	<select id="selectUserOnlineList" parameterType="com.cascv.oas.server.user.model.UserOnline" resultMap="UserOnlineResult">
		<include refid="selectOnlineVo"/>
		<where>
			<if test="loginName != null and loginName != ''">
				AND login_name like concat('%', #{loginName}, '%')
			</if>
		</where>
	</select>
	
	<select id="selectOnlineByExpired" parameterType="String" resultMap="UserOnlineResult">
		<include refid="selectOnlineVo"/> o 
		WHERE o.last_access_time <![CDATA[ <= ]]> #{lastAccessTime} ORDER BY o.last_access_time ASC
	</select>

</mapper> 